{"tissue_hires_scalef": 0.08920208, "tissue_lowres_scalef": 0.026760627, "fiducial_diameter_fullres": 302.53738000000004, "spot_diameter_fullres": 187.28503}