{"tissue_hires_scalef": 0.088774465, "tissue_lowres_scalef": 0.02663234, "fiducial_diameter_fullres": 302.73468, "spot_diameter_fullres": 187.40717999999998}