{"tissue_hires_scalef": 0.11163829, "tissue_lowres_scalef": 0.03349149, "fiducial_diameter_fullres": 237.59476999999998, "spot_diameter_fullres": 147.08247}